train_loss,train_emissions,train_flops,train_electricity_cost,eval_loss,train_acc,train_robust_acc,pgd40_robust_acc,epochs,model,model_parameters,synthetic_data,at,at_steps,aa_robust_acc,eval_acc
0.5024199485778809,0.8447497591338786,17937.112123280287,0.04469556886909091,0.45270127058029175,99.99799346923828,99.97595977783203,52.34375,110,wide_resnet34_20_dm,184531674,False,pgd,7,47.63999879360199,88.13
0.5014790892601013,0.4051759377283688,1580.02046631936,0.0057797352039772746,0.25923144817352295,100.0,100.0,30.7373046875,110,wide_resnet28_10_dm,36479194,False,trades,1,7.959999889135361,79.51
0.5051047801971436,0.31951144757737676,1185.18833332224,0.003970159549914773,0.3400721251964569,97.87459564208984,99.90384674072266,56.201171875,110,wide_resnet28_10_dm,36479194,False,pgd,1,0.0,82.44
1.0350898504257202,0.6355567753542395,7974.304789228644,0.021200855732928254,0.40798720717430115,95.5345687866211,86.0515365600586,41.6748046875,400,wide_resnet34_20_dm,184531674,False,pgd,2,43.709999322891235,90.45
1.081405520439148,0.8823048824668942,7985.314360912059,0.013990405235568177,0.46749985218048096,89.6915054321289,71.79086303710938,60.5224609375,110,wide_resnet34_20,184531674,True,pgd,2,57.55000114440918,88.25
1.0540746450424194,0.7938186542342297,11629.384710488066,0.026942392289625024,0.4265550673007965,95.56490325927734,86.2840576171875,40.3076171875,400,wide_resnet70_16,266796506,False,pgd,2,31.47999942302704,89.61
0.5086448192596436,0.5645169195241674,2765.9007339724794,0.009711009061931813,0.45480623841285706,99.99198913574219,99.78565979003906,47.2412109375,110,wide_resnet28_10_dm,36479194,False,pgd,5,46.65000140666962,84.08
0.9623737931251526,0.8402122815628923,5981.19905230848,0.014657599389718745,0.26659414172172546,93.79607391357422,97.11138153076172,53.5888671875,400,wide_resnet34_20_dm,184531674,False,pgd,1,0.0,94.42
0.947641134262085,0.7978495634709555,11627.757437976574,0.028763764198999994,0.2251865714788437,97.38581848144531,97.28165435791016,35.5712890625,400,wide_resnet70_16,266796506,False,trades,1,0.0,97.08
0.590299129486084,0.775338098760917,7975.394404895651,0.02046533943409092,0.22160837054252625,96.62059020996094,96.35416412353516,9.47265625,110,wide_resnet34_20_dm,184531674,True,trades,1,0.009999999747378752,93.97
1.5449236631393433,0.8813053220190515,5991.445990735871,0.015202553565593748,0.5202606916427612,78.67469024658203,54.35929489135742,60.205078125,400,wide_resnet34_10,46160474,True,pgd,10,56.279999017715454,88.69
1.1498441696166992,0.8659391993726783,3510.4039781990405,0.01572951107734375,0.40810447931289673,93.41546630859375,78.60376739501953,44.6044921875,400,wide_resnet34_10_dm,46160474,False,pgd,5,49.68000054359436,90.08
0.5091277360916138,0.6672413807636585,3556.2569342975985,0.012591179310681825,0.44766703248023987,99.9959945678711,99.77764129638672,47.509765625,110,wide_resnet28_10_dm,36479194,False,pgd,7,46.45000100135803,85.36
1.105787754058838,0.8263601703569929,9970.2691725312,0.018543840447437496,0.21141092479228973,88.03685760498047,87.61017608642578,39.111328125,400,wide_resnet34_20,184531674,True,trades,2,2.5599999353289604,96.92
1.1819671392440796,0.7318326115497268,1583.5039998935038,0.007792487656984367,0.420792818069458,92.86658477783203,77.98878479003906,43.1640625,400,wide_resnet28_10_dm,36479194,False,pgd,2,44.920000433921814,89.75
0.9900102615356445,0.8170508575412216,1581.3393476222973,0.00418062323417969,0.22691911458969116,96.65753936767578,96.51659393310547,32.861328125,400,wide_resnet28_10,36479194,False,trades,1,0.0,96.65
0.617419958114624,0.9119305410191716,4010.7454176237384,0.020288796913181827,0.5252141356468201,99.62339782714844,98.06089782714844,48.779296875,110,wide_resnet34_10_dm,46160474,False,trades,5,47.81999886035919,86.44
1.0471519231796265,0.8149402712925203,20346.676739466857,0.04582004645200004,0.4305320978164673,95.43870544433594,85.13021087646484,40.91796875,400,wide_resnet70_16,266796506,False,pgd,5,36.4300012588501,89.49000000000001
0.949481725692749,0.7951227972218935,14543.14089849816,0.060546912772624965,0.30039021372795105,96.66293334960938,96.52488708496094,39.697265625,400,wide_resnet70_16_dm,266796506,False,trades,2,1.679999940097332,94.03
1.022963047027588,0.8416489144522378,5981.21998516224,0.014698771148218754,0.42160436511039734,80.68910217285156,95.6209945678711,72.3876953125,400,wide_resnet34_20_dm,184531674,True,pgd,1,0.0,88.8
1.4417202472686768,0.911625175216529,4994.513733550079,0.013476545891499998,0.6438331604003906,89.90616607666016,82.41180419921875,52.0263671875,400,wide_resnet34_10,46160474,False,trades,7,48.579999804496765,88.71
0.5918907523155212,0.9238642021988497,19935.69134033455,0.03849578719090908,0.49969226121902466,99.55328369140625,98.66386413574219,50.29296875,110,wide_resnet34_20,184531674,False,trades,7,48.48000109195709,86.71
1.082481026649475,0.7978199024913789,11627.757437976574,0.02881136998412499,0.19052234292030334,89.8878173828125,89.58333587646484,17.3583984375,400,wide_resnet70_16,266796506,True,trades,1,0.0,97.28
1.1455897092819214,0.9539166880404452,2765.3321297362954,0.007238228401921879,0.4209669530391693,93.52851104736328,77.60147857666016,43.701171875,400,wide_resnet28_10,36479194,False,pgd,5,39.39000070095062,89.17
1.009504795074463,0.7917524389139213,8723.043039943068,0.020495293065562484,0.5231950879096985,79.66746520996094,96.09976196289062,63.37890625,400,wide_resnet70_16,266796506,True,pgd,1,0.0,87.67
0.5308741331100464,0.26475953397178104,1179.3685891645441,0.0027763731542045458,0.4160536825656891,92.16132354736328,98.85027313232422,73.0224609375,110,wide_resnet28_10,36479194,True,pgd,1,0.0,83.23
1.554214596748352,0.801093775763093,23245.973788557312,0.05765197215062501,0.7411568760871887,78.42948913574219,68.14503479003906,62.59765625,400,wide_resnet70_16,266796506,True,trades,5,58.74999761581421,88.72
1.1426481008529663,0.5349551746396642,2765.9007339724794,0.00974632326488637,0.5036975741386414,89.02644348144531,69.48517608642578,60.25390625,110,wide_resnet28_10_dm,36479194,True,pgd,5,57.669997215270996,87.47
1.1263011693954468,0.3684338637499211,1996.967438450688,0.004791070268181819,0.5024015307426453,89.06048583984375,70.18363189697266,59.3994140625,110,wide_resnet34_10,46160474,True,pgd,2,56.01000189781189,87.36
0.5293238162994385,0.45881467131264403,1505.0139682406398,0.006816361178920458,0.3939366936683655,91.73277282714844,98.88421630859375,73.9501953125,110,wide_resnet34_10_dm,46160474,True,pgd,1,0.0,87.58
0.5104513764381409,0.3592347083763138,1996.967438450688,0.004744356428068182,0.46566882729530334,99.95973205566406,99.67581939697266,46.7529296875,110,wide_resnet34_10,46160474,False,pgd,2,44.65999901294708,81.55
0.5050889849662781,0.8916884114985013,34876.44780488295,0.07695713957454545,0.47450658679008484,99.95793151855469,99.87179565429688,56.73828125,110,wide_resnet70_16,266796506,False,pgd,10,46.36000096797943,87.44
0.5182487964630127,0.5409401746757375,3538.7941534433276,0.009078970217272726,0.46572262048721313,99.96375274658203,99.45634460449219,45.8251953125,110,wide_resnet28_10,36479194,False,pgd,7,44.06999945640564,79.89
1.418392539024353,0.8860963273572154,3937.358652506111,0.010947567639437494,0.6846294403076172,88.03157043457031,79.63917541503906,52.001953125,400,wide_resnet28_10,36479194,False,trades,7,53.00999879837036,88.12
1.2318546772003174,0.8124222164104039,29078.771563600287,0.12027313965425006,0.532375693321228,90.53897094726562,86.96382904052734,53.5400390625,400,wide_resnet70_16_dm,266796506,False,trades,7,51.05000138282776,89.55
1.6186054944992065,0.8968659126430777,5113.198821231821,0.014743666892656247,0.8307883739471436,76.0993881225586,64.19539642333984,60.107421875,400,wide_resnet28_10,36479194,True,trades,10,56.36000037193298,86.49
0.6080398559570312,0.8671056733642646,37808.962178265916,0.13774986579454548,0.5071002244949341,99.59187316894531,98.36947631835938,50.244140625,110,wide_resnet70_16,266796506,False,trades,10,48.41000139713287,86.3
1.1311777830123901,0.8074810319934821,6009.265980166517,0.025893151120681822,0.4975469708442688,88.97435760498047,69.75761413574219,61.2060546875,110,wide_resnet34_10_dm,46160474,True,pgd,10,58.55000019073486,87.7
1.1268589496612549,0.8996120668549179,4514.04359650211,0.019971110011818182,0.49491965770721436,88.99639129638672,69.78565979003906,61.2060546875,110,wide_resnet34_10_dm,46160474,True,pgd,7,58.31000208854675,87.8
1.5967496633529663,0.871698950345038,3998.4966543605756,0.010752120842031256,0.8087899088859558,75.78729248046875,64.78133392333984,60.83984375,400,wide_resnet34_10,46160474,True,trades,5,56.41999840736389,87.01
1.3908907175064087,0.9233264210171938,3164.048876371968,0.012367643710468747,0.6610288619995117,89.95191955566406,82.8165054321289,52.9052734375,400,wide_resnet28_10_dm,36479194,False,trades,5,55.879998207092285,87.74
0.5061663389205933,0.5413524171839834,2006.8292395007998,0.008996715076136365,0.45740407705307007,99.98197174072266,99.85376739501953,48.9501953125,110,wide_resnet34_10_dm,46160474,False,pgd,2,46.81000113487244,84.67
0.5019668340682983,0.764143148712521,7976.583541555201,0.019482777526590916,0.4143534004688263,100.0,99.98597717285156,52.1240234375,110,wide_resnet34_20_dm,184531674,False,pgd,2,46.970000863075256,88.22
0.9644345045089722,0.8260733435484247,1191.1271449559035,0.0042325268488984415,0.2676394283771515,94.00240325927734,96.93309020996094,38.28125,400,wide_resnet28_10_dm,36479194,False,pgd,1,0.0,89.46
0.5826653242111206,0.8219170617074909,14537.596266086399,0.03566877111363637,0.4820899963378906,99.55529022216797,98.82211303710938,50.048828125,110,wide_resnet70_16,266796506,False,trades,2,47.600001096725464,86.89
0.5300912857055664,0.7718878444355217,5984.391751657657,0.014462630671136364,0.3992697298526764,91.78485870361328,98.74799346923828,67.7734375,110,wide_resnet34_20_dm,184531674,True,pgd,1,0.0,90.03999999999999
1.140744924545288,0.843541049612768,6008.2490533478385,0.02598609831168752,0.4168621897697449,93.55168151855469,78.36138153076172,45.8740234375,400,wide_resnet34_10_dm,46160474,False,pgd,10,43.700000643730164,89.51
0.5565571188926697,0.8114382032789751,9967.779170192289,0.025956030721818173,0.4895176589488983,99.68950653076172,99.25080108642578,50.732421875,110,wide_resnet34_20_dm,184531674,False,trades,2,50.52000284194946,85.08
0.6602485179901123,0.7255733749920864,4991.344518758399,0.013425403322159088,0.5216120481491089,99.48050689697266,97.30992126464844,48.2421875,110,wide_resnet34_10,46160474,False,trades,7,48.100000619888306,82.42
1.0717219114303589,0.8163164849078012,7977.448766177279,0.014563868867031255,0.200062096118927,89.5753173828125,89.15865325927734,16.650390625,400,wide_resnet34_20,184531674,True,trades,1,0.019999999494757503,97.11
0.5022192597389221,0.7889170097339308,5984.391751657657,0.014465823168863632,0.34609031677246094,99.73558044433594,99.98798370361328,58.3984375,110,wide_resnet34_20_dm,184531674,False,pgd,1,0.0,93.26
1.1483538150787354,0.6753346103705379,3160.04093263872,0.012345291298977271,0.7244794964790344,88.32732391357422,78.56169891357422,60.1806640625,110,wide_resnet28_10_dm,36479194,True,trades,5,57.109999656677246,85.2
1.3051886558532715,0.8311458001482742,15946.311841873918,0.031156340428937536,0.5741833448410034,91.0897445678711,86.2940673828125,50.3662109375,400,wide_resnet34_20,184531674,False,trades,5,48.019999265670776,89.01
0.598676323890686,0.8576487911926517,11633.402223525887,0.02845105407499999,0.23030544817447662,96.31410217285156,96.02764129638672,12.890625,110,wide_resnet70_16,266796506,True,trades,1,0.009999999747378752,91.97999999999999
0.5618841648101807,0.8922257147138821,25897.310154647745,0.06926686410636364,0.48134729266166687,99.71353912353516,99.15064239501953,51.46484375,110,wide_resnet34_20_dm,184531674,False,trades,10,49.57999885082245,86.65
1.113731026649475,0.873600651271832,26181.756858335233,0.09534873507727275,0.48481467366218567,89.12052154541016,70.45254516601562,62.4267578125,110,wide_resnet70_16_dm,266796506,True,pgd,7,60.019999742507935,87.94999999999999
1.586097002029419,0.8600908421729493,25904.390579159055,0.050422053685874955,0.7698874473571777,77.41185760498047,66.26402282714844,62.744140625,400,wide_resnet34_20,184531674,True,trades,10,58.52000117301941,88.14
0.537678599357605,0.776846189494373,8731.442299758179,0.03370347330113638,0.4310515224933624,89.83474731445312,98.60955810546875,77.4169921875,110,wide_resnet70_16_dm,266796506,True,pgd,1,0.0,87.13
1.5037765502929688,0.8195632859772977,26157.01920782745,0.05846507892975,0.4693179130554199,79.86378479003906,56.80488967895508,62.1826171875,400,wide_resnet70_16,266796506,True,pgd,7,58.28999876976013,89.66
0.5273172855377197,0.3232454513644274,1185.18833332224,0.0039813606748863644,0.41257259249687195,91.09375,98.86017608642578,80.1025390625,110,wide_resnet28_10_dm,36479194,True,pgd,1,0.0,83.98
1.123903751373291,0.4607391735220448,1975.0255828992001,0.0073984097213068215,0.7001869678497314,88.61978912353516,79.69951629638672,59.716796875,110,wide_resnet28_10_dm,36479194,True,trades,2,56.849998235702515,85.71
1.0656307935714722,0.8276578789569877,11635.026060902397,0.026477012955454553,0.46028974652290344,89.83373260498047,72.94671630859375,61.5966796875,110,wide_resnet70_16,266796506,True,pgd,2,57.510000467300415,88.28
1.569629192352295,0.8072280156270923,2507.5606413312,0.012699414989031264,0.7386882901191711,77.31370544433594,67.43189239501953,61.3037109375,400,wide_resnet34_10_dm,46160474,True,trades,2,56.540000438690186,87.86
1.0274770259857178,0.802682111679142,11637.557103899419,0.04455379091312502,0.39120203256607056,96.19678497314453,87.58202362060547,41.1865234375,400,wide_resnet70_16_dm,266796506,False,pgd,2,33.43000113964081,90.03
0.9617969989776611,0.7841341221932719,8723.103970649705,0.020419581840499988,0.31712666153907776,93.53565979003906,97.36177825927734,54.5654296875,400,wide_resnet70_16,266796506,False,pgd,1,0.0,93.86
1.1108523607254028,0.8641646597489056,17937.112123280287,0.04473889781954547,0.4718148708343506,89.32291412353516,70.63902282714844,61.8896484375,110,wide_resnet34_20_dm,184531674,True,pgd,7,59.619998931884766,88.21
1.1169297695159912,0.8899764324094738,34876.44780488295,0.07689043664272728,0.47789061069488525,89.00440979003906,70.51482391357422,61.767578125,110,wide_resnet70_16,266796506,True,pgd,10,58.92999768257141,88.06
1.0640995502471924,0.8041632317221483,11637.557103899419,0.04462191148737499,0.42647984623908997,79.68550109863281,91.30921936035156,80.37109375,400,wide_resnet70_16_dm,266796506,True,pgd,2,0.0,90.8
1.603193998336792,0.8483811580480135,3949.48544200704,0.015464760569593738,0.8057860732078552,77.02523803710938,65.37660217285156,61.5234375,400,wide_resnet28_10_dm,36479194,True,trades,7,57.67999887466431,87.27000000000001
0.503879725933075,0.8848561797838524,26182.375975354367,0.09408766217090914,0.4794760048389435,99.98999786376953,99.91797637939453,59.47265625,110,wide_resnet70_16_dm,266796506,False,pgd,7,47.929999232292175,87.89
1.1080347299575806,0.794082989147147,14543.06286395721,0.06066270789162502,0.21018531918525696,88.20622253417969,87.67405700683594,34.0576171875,400,wide_resnet70_16_dm,266796506,True,trades,2,2.1400000900030136,96.86
1.6064717769622803,0.9047242537247542,6485.611900305408,0.017649891422875014,0.8137427568435669,76.179931640625,64.9283218383789,60.7421875,400,wide_resnet34_10,46160474,True,trades,10,56.90000057220459,87.03999999999999
0.5292297005653381,0.7429759657977424,8726.92160790528,0.019996369184545452,0.5554993152618408,90.46073913574219,98.8241195678711,68.8232421875,110,wide_resnet70_16,266796506,True,pgd,1,0.0,79.83
1.0019046068191528,0.8344549877706264,5985.350428262402,0.010312755920812504,0.48844996094703674,79.04046630859375,96.85697174072266,67.0166015625,400,wide_resnet34_20,184531674,True,pgd,1,0.0,86.04
1.0260201692581177,0.8404503405407269,26178.851651722918,0.09490994615650006,0.4110848903656006,96.07874298095703,86.47167205810547,43.65234375,400,wide_resnet70_16_dm,266796506,False,pgd,7,40.07999897003174,90.23
1.5116066932678223,0.8811468649185196,23908.965451038723,0.06046059924887498,0.47058236598968506,79.35095977783203,55.28845977783203,63.2568359375,400,wide_resnet34_20_dm,184531674,True,pgd,10,59.50999855995178,89.71000000000001
1.5696678161621094,0.8462206864938033,19929.870640742396,0.038677285290249996,0.7699381709098816,77.9647445678711,67.08132934570312,61.9873046875,400,wide_resnet34_20,184531674,True,trades,7,57.88999795913696,88.1
1.1724679470062256,0.890109730710834,5991.447592697855,0.015240508695906253,0.43653005361557007,93.48018646240234,78.17533874511719,44.5556640625,400,wide_resnet34_10,46160474,False,pgd,10,42.500001192092896,89.41
1.1334564685821533,0.8383701362604249,9964.839665664,0.026140595387500007,0.2245272994041443,87.2996826171875,86.66065979003906,35.44921875,400,wide_resnet34_20_dm,184531674,True,trades,2,4.879999905824661,96.56
1.1048017740249634,0.8623407581916177,17946.295895296935,0.03304424975750001,0.4819384813308716,89.63140869140625,70.7471923828125,61.4501953125,110,wide_resnet34_20,184531674,True,pgd,7,58.6899995803833,87.99
0.5017193555831909,0.7773349812525697,7975.394404895651,0.020519092416590917,0.2557094991207123,99.99799346923828,99.99799346923828,41.064453125,110,wide_resnet34_20_dm,184531674,False,trades,1,0.2199999988079071,95.19999999999999
0.5094703435897827,0.8513393673460837,4741.791234785279,0.016930985626250006,0.45620810985565186,99.98998260498047,99.75360870361328,47.8515625,110,wide_resnet28_10_dm,36479194,False,pgd,10,46.720001101493835,84.06
0.6326424479484558,0.43846562340093753,2495.6722593791997,0.006407535685170454,0.5146973133087158,99.48856353759766,97.84552001953125,47.75390625,110,wide_resnet34_10,46160474,False,trades,2,47.769999504089355,84.61
1.1302919387817383,0.3842879079129135,1580.3664334847997,0.005428516649374998,0.49323150515556335,89.07051086425781,70.15023803710938,59.9853515625,110,wide_resnet28_10_dm,36479194,True,pgd,2,57.37000107765198,87.62
0.5023816823959351,0.8155520842651675,11638.656159449089,0.04789717199272727,0.266348272562027,99.98999786376953,99.98799896240234,47.119140625,110,wide_resnet70_16_dm,266796506,False,trades,1,0.20000000949949026,95.38
1.6075729131698608,0.8758475007749275,3937.284962254847,0.010993479202906237,0.827936589717865,75.9886474609375,64.63434600830078,60.44921875,400,wide_resnet28_10,36479194,True,trades,7,56.41999840736389,86.50999999999999
0.503980278968811,0.8568751601693152,17946.295895296935,0.03285222923340911,0.46928098797798157,99.98197174072266,99.91386413574219,51.0009765625,110,wide_resnet34_20,184531674,False,pgd,7,45.87000012397766,87.44
1.3724981546401978,0.8301221978536532,4006.879914885121,0.020241977086937514,0.6353148221969604,88.5196304321289,82.04326629638672,53.1005859375,400,wide_resnet34_10_dm,46160474,False,trades,5,52.799999713897705,88.46000000000001
1.148504614830017,0.6019340390774874,3993.0756150067195,0.010600289340454549,0.7286131381988525,88.14835357666016,78.72100830078125,59.2041015625,110,wide_resnet34_10,46160474,True,trades,5,56.269997358322144,85.5
1.0718697309494019,0.8781064628592222,23909.2617314304,0.05981901028812503,0.40346506237983704,95.5068130493164,84.55728912353516,44.7509765625,400,wide_resnet34_20_dm,184531674,False,pgd,10,42.05000102519989,89.83
1.139514446258545,0.8963449806658427,4010.7454176237384,0.02027750459931818,0.7143796682357788,88.36138153076172,78.60176086425781,60.5224609375,110,wide_resnet34_10_dm,46160474,True,trades,5,58.00999999046326,86.14
1.140523076057434,0.7931197958403832,3512.275053281279,0.0156813552325,0.49388501048088074,89.02043151855469,69.6875,61.1083984375,110,wide_resnet34_10_dm,46160474,True,pgd,5,58.45999717712402,87.72
1.5788968801498413,0.9080854265413683,4724.9673278717955,0.012451849958593745,0.5331319570541382,77.74041748046875,52.59946823120117,60.44921875,400,wide_resnet28_10,36479194,True,pgd,10,56.13999962806702,87.94999999999999
0.5810903906822205,0.8836252165343889,23268.218177794864,0.09558005196090912,0.48455920815467834,99.56786346435547,98.7295913696289,50.9033203125,110,wide_resnet70_16_dm,266796506,False,trades,5,49.57000017166138,86.76
1.263255000114441,0.8741645474444251,25894.673249402877,0.071045702431,0.5595681667327881,91.27003479003906,87.42988586425781,53.076171875,400,wide_resnet34_20_dm,184531674,False,trades,10,50.72000026702881,89.3
1.0361928939819336,0.8295368517603086,13957.38141917184,0.025315767595625035,0.44246095418930054,95.68309020996094,86.1278076171875,38.3056640625,400,wide_resnet34_20,184531674,False,pgd,5,31.88999891281128,88.51
1.1917670965194702,0.8603271684239833,3502.013544923133,0.008763980038812494,0.42972487211227417,93.12781524658203,77.06587982177734,42.2607421875,400,wide_resnet34_10,46160474,False,pgd,5,45.62999904155731,89.79
1.5294655561447144,0.8980776455754332,2006.643822821376,0.004947340596734379,0.48978909850120544,79.01498413085938,56.60236740112305,58.7158203125,400,wide_resnet34_10,46160474,True,pgd,2,52.219998836517334,89.07000000000001
1.1586029529571533,0.6539482241418368,4718.50693558272,0.013478759850340914,0.5234881043434143,88.6839599609375,68.25265502929688,59.423828125,110,wide_resnet28_10,36479194,True,pgd,10,56.33999705314636,86.58
0.6004579067230225,0.4016072820246327,1580.02046631936,0.005773859269261363,0.2270629107952118,96.30408477783203,95.98357391357422,7.71484375,110,wide_resnet28_10_dm,36479194,True,trades,1,4.1999999433755875,76.85
0.584535539150238,0.8031721759084276,9974.345101684363,0.018423571327272716,0.5078591704368591,99.60136413574219,98.79808044433594,47.607421875,110,wide_resnet34_20,184531674,False,trades,2,47.06999957561493,85.7
1.5610065460205078,0.8100890174095757,37798.92931326642,0.15545913070250003,0.7524487376213074,77.77688598632812,67.21150970458984,63.5009765625,400,wide_resnet70_16_dm,266796506,True,trades,10,59.92000102996826,87.9
0.6689975261688232,0.8743290896277816,6488.747874385919,0.01767129680772727,0.5263189673423767,99.46641540527344,97.22737121582031,49.853515625,110,wide_resnet34_10,46160474,False,trades,10,49.0200012922287,84.42
0.5897154808044434,0.8762178677422828,7983.688025255564,0.014491784086022731,0.22991149127483368,96.4803695678711,96.31209564208984,25.341796875,110,wide_resnet34_20,184531674,True,trades,1,0.08999999845400453,95.19999999999999
1.0576601028442383,0.8247608211160378,17941.929199534046,0.03273572256500002,0.44786781072616577,95.68910217285156,85.15825653076172,38.8916015625,400,wide_resnet34_20,184531674,False,pgd,7,33.30000042915344,88.75999999999999
0.5866926908493042,0.8794874002228199,29081.57521782374,0.11888596441090911,0.49669262766838074,99.60387420654297,98.79161071777344,50.9033203125,110,wide_resnet70_16_dm,266796506,False,trades,7,49.61000084877014,86.39
1.5648674964904785,0.7872593771721967,23264.621451867584,0.09624908832975003,0.7405564785003662,77.98896026611328,67.80569458007812,63.4765625,400,wide_resnet70_16_dm,266796506,True,trades,5,59.65999960899353,88.03999999999999
1.5635807514190674,0.8661922780114344,15939.68785883136,0.042410601453625005,0.7406505942344666,78.18709564208984,67.07732391357422,63.623046875,400,wide_resnet34_20_dm,184531674,True,trades,5,59.950000047683716,88.51
0.940577507019043,0.8365753950484957,2008.0323035136003,0.010174021690312491,0.21726585924625397,96.68870544433594,96.50640869140625,25.7080078125,400,wide_resnet34_10_dm,46160474,False,trades,1,0.0,96.85000000000001
1.0658481121063232,0.7895800309549804,11635.305360559956,0.04973140072837502,0.1901940405368805,89.54865264892578,89.39860534667969,15.4052734375,400,wide_resnet70_16_dm,266796506,True,trades,1,0.009999999747378752,97.19
0.9302991628646851,0.8037250484340778,1187.730830721024,0.0029351935617421853,0.2915235161781311,92.64456939697266,96.24476623535156,45.4345703125,400,wide_resnet28_10,36479194,False,pgd,1,0.0,90.16
0.572259247303009,0.8187371885395586,14545.835132387328,0.059784041436363615,0.4966427683830261,99.6358871459961,98.99568176269531,50.5859375,110,wide_resnet70_16_dm,266796506,False,trades,2,48.05999994277954,86.91
0.9987674951553345,0.7806689728183072,8728.57630389043,0.03450330309787503,0.43942344188690186,79.23335266113281,96.03472900390625,67.431640625,400,wide_resnet70_16_dm,266796506,True,pgd,1,0.0,87.83
1.1580851078033447,0.5362365148196088,3538.7941534433276,0.00908810124375,0.5208957195281982,88.68798065185547,68.41978454589844,59.4482421875,110,wide_resnet28_10,36479194,True,pgd,7,56.31999969482422,86.74
1.1529163122177124,0.792828926765277,5991.76157724672,0.01520511298806819,0.5188379883766174,88.73228454589844,68.7540283203125,59.765625,110,wide_resnet34_10,46160474,True,pgd,10,56.87999725341797,86.85000000000001
1.1004054546356201,0.9127233517455652,13954.939911626008,0.034882740181363635,0.475037157535553,89.5352554321289,71.1338119506836,61.962890625,110,wide_resnet34_20_dm,184531674,True,pgd,5,59.79999899864197,88.38000000000001
1.236987829208374,0.8899005555406889,3547.9320649924607,0.009251061498218763,0.43422022461891174,93.02513122558594,74.64762878417969,43.75,400,wide_resnet28_10,36479194,False,pgd,7,43.41000020503998,89.64
0.6194981336593628,0.7954543194840372,5006.5468637183985,0.025087549267045463,0.5378924608230591,99.6133804321289,97.99078369140625,49.462890625,110,wide_resnet34_10_dm,46160474,False,trades,7,48.24000000953674,85.81
0.5177238583564758,0.790768442067336,5991.76157724672,0.01529517422693182,0.5049058198928833,99.95167541503906,99.34358978271484,47.4853515625,110,wide_resnet34_10,46160474,False,pgd,10,45.210000872612,83.56
0.626741349697113,0.9750009835032063,5135.066515537919,0.020236644650227276,0.5351141691207886,99.62540435791016,97.94070434570312,49.90234375,110,wide_resnet28_10_dm,36479194,False,trades,10,50.23000240325928,83.15
0.5043119788169861,0.8749302955397977,26162.151299481597,0.058211477526818156,0.4907931089401245,99.9599380493164,99.86578369140625,56.4208984375,110,wide_resnet70_16,266796506,False,pgd,7,45.60999870300293,87.1
1.1091123819351196,0.9006188554171072,23268.507099070463,0.09544125506545457,0.6943284869194031,88.59635162353516,79.52344512939453,62.4267578125,110,wide_resnet70_16_dm,266796506,True,trades,5,59.71999764442444,86.47
1.147911787033081,0.8380674884011183,2770.1110286254075,0.009899388936781262,0.42068904638290405,93.77404022216797,77.00320434570312,45.0439453125,400,wide_resnet28_10_dm,36479194,False,pgd,5,50.37999749183655,90.27
0.5020557641983032,0.8154668467426328,5990.30748905472,0.01019273547738636,0.33595597743988037,99.71353912353516,99.9659423828125,66.6748046875,110,wide_resnet34_20,184531674,False,pgd,1,0.0,85.11999999999999
1.1173899173736572,0.8536673621445174,34903.92173869793,0.12413751404454546,0.4879961311817169,88.80841827392578,70.29849243164062,62.9638671875,110,wide_resnet70_16_dm,266796506,True,pgd,10,59.90999937057495,87.94
1.1519861221313477,0.5068174507228178,3144.52398047232,0.008578846757613633,0.737807035446167,88.04164123535156,78.73509979248047,59.7412109375,110,wide_resnet28_10,36479194,True,trades,5,56.08000159263611,85.18
1.5792826414108276,0.9810857345831943,2765.77619359826,0.007233035483812504,0.5316687226295471,77.18267059326172,51.99742126464844,59.765625,400,wide_resnet28_10,36479194,True,pgd,5,55.970001220703125,88.44999999999999
0.9249104857444763,0.9202816923440588,2006.183754596352,0.005157902362921874,0.22685931622982025,97.40052795410156,97.257568359375,34.5703125,400,wide_resnet34_10,46160474,False,trades,1,0.03000000142492354,96.66
1.5134615898132324,0.8574669375839592,13950.792669265931,0.03480482474812499,0.46658769249916077,79.94992065429688,56.18589782714844,62.3046875,400,wide_resnet34_20_dm,184531674,True,pgd,5,59.06999707221985,89.95
0.6543874740600586,0.6043949293431784,3993.0756150067195,0.01056314114352273,0.513178288936615,99.46238708496094,97.40657043457031,48.7060546875,110,wide_resnet34_10,46160474,False,trades,5,48.05000126361847,82.72
0.5014595985412598,0.3749453291111326,1996.5378075033598,0.004968554096534091,0.2811243534088135,99.9959716796875,99.9959716796875,46.5576171875,110,wide_resnet34_10,46160474,False,trades,1,0.20000000949949026,83.89
0.6170850992202759,0.6529683567744268,3160.04093263872,0.012160151998068178,0.5379276871681213,99.63941955566406,98.17507934570312,50.0244140625,110,wide_resnet28_10_dm,36479194,False,trades,5,49.88999962806702,82.32000000000001
1.56088387966156,0.8239727177111371,1980.0639597772802,0.00764095672875,0.7551597952842712,76.66265869140625,66.3241195678711,60.1806640625,400,wide_resnet28_10_dm,36479194,True,trades,2,56.529998779296875,87.67
0.582155168056488,0.8566185130147421,37801.21867042159,0.1545555994254545,0.5291451215744019,99.6298828125,98.79561614990234,51.0009765625,110,wide_resnet70_16_dm,266796506,False,trades,10,49.790000915527344,86.3
1.427903413772583,0.8600622715661344,3949.48544200704,0.015446044398156233,0.6794544458389282,88.984375,81.78685760498047,52.9296875,400,wide_resnet28_10_dm,36479194,False,trades,7,52.28999853134155,88.55
1.5218857526779175,0.8614926896282536,23918.24445603841,0.044261934794375006,0.48492658138275146,79.3369369506836,55.434696197509766,61.6943359375,400,wide_resnet34_20,184531674,True,pgd,10,57.77000188827515,89.61
1.1563682556152344,0.9013537057881718,6488.747874385919,0.017625780006136356,0.738859236240387,88.00337982177734,78.523681640625,59.5947265625,110,wide_resnet34_10,46160474,True,trades,10,56.690001487731934,84.99
1.5556944608688354,0.7692911572392754,37763.80771088753,0.09401851888337298,0.7574772834777832,78.20913696289062,67.5380630493164,62.890625,400,wide_resnet70_16,266796506,True,trades,10,58.560001850128174,88.12
1.1260145902633667,0.5536108726343741,2006.8292395007998,0.00902801294602273,0.4877986013889313,89.03646087646484,70.43669891357422,60.8154296875,110,wide_resnet34_10_dm,46160474,True,pgd,2,57.63000249862671,87.81
0.5629565715789795,0.8831912795135205,19924.901614834038,0.05309355553136362,0.49875348806381226,99.70953369140625,99.11859130859375,50.9765625,110,wide_resnet34_20_dm,184531674,False,trades,7,49.230000376701355,85.52
1.5565972328186035,0.8209864351766842,29078.856692190413,0.12024196866374998,0.7482113242149353,78.17901611328125,67.60163116455078,63.7451171875,400,wide_resnet70_16_dm,266796506,True,trades,7,59.83999967575073,88.12
1.500472903251648,0.825000896093449,13956.958736547842,0.0256158338733125,0.47781842947006226,80.09014129638672,56.52644348144531,60.9619140625,400,wide_resnet34_20,184531674,True,pgd,5,57.45999813079834,89.59
1.0738146305084229,0.8222812547359691,34870.95863094803,0.07736114170174997,0.43714651465415955,95.67507934570312,85.05007934570312,42.7001953125,400,wide_resnet70_16,266796506,False,pgd,10,36.570000648498535,89.31
0.9758474230766296,0.8040680719992672,7978.42164547584,0.014070870455750012,0.39626938104629517,96.35015869140625,92.60617065429688,67.529296875,400,wide_resnet34_20,184531674,False,pgd,2,0.15999999595806003,90.23
1.1251784563064575,0.8255869184007365,15950.020811757382,0.030325336741590932,0.7041513919830322,88.77804565429688,79.8036880493164,60.8154296875,110,wide_resnet34_20,184531674,True,trades,5,57.8000009059906,86.22
1.1555801630020142,0.9729672661067635,5135.066515537919,0.020174418271363636,0.7319296598434448,88.1590576171875,78.15705108642578,60.2294921875,110,wide_resnet28_10_dm,36479194,True,trades,10,57.56999850273132,85.61999999999999
1.5459636449813843,0.8453932231096776,6008.36498915328,0.026016283090875007,0.503917932510376,78.86017608642578,54.32291793823242,61.4013671875,400,wide_resnet34_10_dm,46160474,True,pgd,10,58.170002698898315,88.79
1.0104219913482666,0.8261844796517178,1191.1271449559035,0.004350850148734376,0.3665410578250885,83.68189239501953,95.99959564208984,63.1103515625,400,wide_resnet28_10_dm,36479194,True,pgd,1,0.0,86.31
1.5309802293777466,0.8549666051478466,3510.4190069145598,0.015755254587625004,0.5009799003601074,78.96434020996094,54.42708206176758,61.5966796875,400,wide_resnet34_10_dm,46160474,True,pgd,5,57.87000060081482,89.01
0.6240350604057312,0.7922222670354675,6503.226963081773,0.0324769318334091,0.5402688384056091,99.62740325927734,98.08293151855469,50.1708984375,110,wide_resnet34_10_dm,46160474,False,trades,10,49.470001459121704,84.59
1.5005627870559692,0.8050803677322835,20346.5015046439,0.04604902977887503,0.4719477891921997,79.73958587646484,56.800880432128906,61.5234375,400,wide_resnet70_16,266796506,True,pgd,5,57.77000188827515,89.72
0.5175382494926453,0.43982849903738963,2752.3189653504,0.0069866652314204535,0.49352002143859863,99.96576690673828,99.44023895263672,45.3125,110,wide_resnet28_10,36479194,False,pgd,5,45.55000066757202,83.8
1.0213103294372559,0.7537173781688489,1507.1889722572796,0.007295758871874998,0.38419684767723083,82.02123260498047,95.88140869140625,64.6240234375,400,wide_resnet34_10_dm,46160474,True,pgd,1,0.0,88.6
1.3267114162445068,0.8530562119631767,1975.4860627230723,0.005331692833546874,0.5961239337921143,89.82563018798828,83.34608459472656,49.560546875,400,wide_resnet28_10,36479194,False,trades,2,53.530001640319824,87.41
1.2903661727905273,0.7704462999193252,37763.773591560486,0.0935597345203792,0.5675061345100403,91.33413696289062,86.92708587646484,53.271484375,400,wide_resnet70_16,266796506,False,trades,10,49.880000948905945,89.51
0.6002840399742126,0.8256217964434664,15950.020811757382,0.030486907810909094,0.5120946168899536,99.63941955566406,98.57572174072266,48.828125,110,wide_resnet34_20,184531674,False,trades,5,49.25999939441681,83.6
1.0934685468673706,0.8145383024125218,14546.050103574531,0.05971347770272727,0.6620758771896362,88.60635375976562,80.0516128540039,61.71875,110,wide_resnet70_16_dm,266796506,True,trades,2,58.43999981880188,86.96000000000001
1.1626883745193481,0.8355755864315912,4509.258609623049,0.019832752534562504,0.42452821135520935,93.0508804321289,77.2696304321289,44.6044921875,400,wide_resnet34_10_dm,46160474,False,pgd,7,44.47999894618988,89.42
0.5041635632514954,0.45697283322221816,1505.0139682406398,0.006788912848863634,0.35975411534309387,99.23277282714844,99.93389129638672,59.8388671875,110,wide_resnet34_10_dm,46160474,False,pgd,1,0.0,82.25
1.078904628753662,0.8917339665626924,1586.610343378944,0.006086211316671876,0.19987288117408752,88.80208587646484,88.54566955566406,14.4775390625,400,wide_resnet28_10_dm,36479194,True,trades,1,0.0,97.19
0.5017774701118469,0.576763411212343,2006.39739396096,0.009878647690340907,0.23804886639118195,99.99198913574219,99.98798370361328,39.2822265625,110,wide_resnet34_10_dm,46160474,False,trades,1,2.0400000736117363,80.95
1.5323874950408936,0.8619194677757015,3501.600505724924,0.008821138284218743,0.5185797810554504,78.85792541503906,54.14384841918945,59.912109375,400,wide_resnet34_10,46160474,True,pgd,5,56.16000294685364,88.53999999999999
0.501703143119812,0.8450927872855913,11633.402223525887,0.028486619892954538,0.2631412446498871,99.99198913574219,99.98998260498047,52.0263671875,110,wide_resnet70_16,266796506,False,trades,1,0.44999998062849045,94.82000000000001
1.4193605184555054,0.8648181302920322,5129.646301937664,0.020383111821312493,0.6715922355651855,89.24879455566406,81.84294891357422,53.3203125,400,wide_resnet28_10_dm,36479194,False,trades,10,50.849997997283936,88.3
1.0489710569381714,0.879024469717504,17934.588323758053,0.04486892553725001,0.40002191066741943,95.45272064208984,85.13421630859375,43.9208984375,400,wide_resnet34_20_dm,184531674,False,pgd,7,40.92000126838684,89.64
1.1295177936553955,0.8693833637796999,37801.21867042159,0.15694669673454545,0.6962772011756897,88.08419036865234,78.69918060302734,62.3291015625,110,wide_resnet70_16_dm,266796506,True,trades,10,59.700000286102295,86.4
1.1054259538650513,0.8765293367433789,26162.151299481597,0.058191093084999986,0.4774248003959656,89.3709945678711,70.82732391357422,61.279296875,110,wide_resnet70_16,266796506,True,pgd,7,59.09000039100647,87.71
0.5025843381881714,0.32014143133207734,1497.6181711011848,0.0034453191133806804,0.33782196044921875,99.47044372558594,99.96979522705078,71.826171875,110,wide_resnet34_10,46160474,False,pgd,1,0.0,87.49
0.5117445588111877,0.30700683543576246,1572.6061832110083,0.003910789012073863,0.4824758768081665,99.98389434814453,99.6899185180664,45.7763671875,110,wide_resnet28_10,36479194,False,pgd,2,44.429999589920044,80.65
1.3705040216445923,0.8382672850667043,6503.214910832641,0.03265777873575,0.6393656134605408,88.69992065429688,82.05529022216797,53.4912109375,400,wide_resnet34_10_dm,46160474,False,trades,10,50.76000094413757,88.41
0.5168294906616211,0.5179592409941999,3495.0152404992,0.008727412469886365,0.4788338243961334,99.92952728271484,99.4100341796875,47.5341796875,110,wide_resnet34_10,46160474,False,pgd,5,45.489999651908875,83.36
1.5142781734466553,0.8137865785137812,26178.2514951625,0.09744163762900002,0.47995492815971375,79.71550750732422,56.99223709106445,62.353515625,400,wide_resnet70_16_dm,266796506,True,pgd,7,59.40999984741211,89.51
0.5070067048072815,0.7927543269870063,6009.265980166517,0.025900370625454548,0.46789395809173584,99.98798370361328,99.80769348144531,50.341796875,110,wide_resnet34_10_dm,46160474,False,pgd,10,46.219998598098755,87.46000000000001
1.23654305934906,0.7939579690140528,23264.591183924433,0.09624361153625001,0.5412663221359253,91.1451644897461,87.6500473022461,52.197265625,400,wide_resnet70_16_dm,266796506,False,trades,5,50.040000677108765,89.45
1.1953272819519043,0.9127882439323652,4499.532501614592,0.011360889203406251,0.44824904203414917,92.179443359375,76.73365020751953,42.3583984375,400,wide_resnet34_10,46160474,False,pgd,7,51.010000705718994,89.63
1.5325802564620972,0.8655062187849765,17934.139072511975,0.045401367485750015,0.46587979793548584,79.74559020996094,56.011619567871094,62.6708984375,400,wide_resnet34_20_dm,184531674,True,pgd,7,59.140002727508545,89.86
1.15424382686615,0.43675864334723374,2752.3189653504,0.007021825671647729,0.5214554667472839,88.7906723022461,68.70973205566406,59.4970703125,110,wide_resnet28_10,36479194,True,pgd,5,56.33999705314636,86.82
1.1010807752609253,0.7779089791597077,13960.081293758843,0.02531297643136364,0.4869673550128937,89.55328369140625,71.015625,61.279296875,110,wide_resnet34_20,184531674,True,pgd,5,58.67000222206116,88.06
1.1631678342819214,0.8584549915738222,4739.840936902656,0.016877314003874988,0.4346400201320648,93.64382934570312,76.10977935791016,45.99609375,400,wide_resnet28_10_dm,36479194,False,pgd,10,48.170000314712524,89.67
0.6205616593360901,0.784581770593855,3950.0511657984002,0.01538796400011364,0.5361104607582092,99.65745544433594,98.0909423828125,49.70703125,110,wide_resnet28_10_dm,36479194,False,trades,7,49.0200012922287,83.28999999999999
0.5311338305473328,0.31680137080811926,1497.6181711011848,0.0034626361221022734,0.4264834225177765,90.7095718383789,98.7636947631836,80.8837890625,110,wide_resnet34_10,46160474,True,pgd,1,0.0,75.76
1.0823543071746826,0.8004219777610828,9974.345101684363,0.01838338451204546,0.6580955982208252,89.07652282714844,80.8193130493164,60.986328125,110,wide_resnet34_20,184531674,True,trades,2,56.870001554489136,86.78
0.507501482963562,0.3774815389952485,1580.3664334847997,0.005403317139602274,0.4517075717449188,99.99198913574219,99.83373260498047,46.8994140625,110,wide_resnet28_10_dm,36479194,False,pgd,2,45.210000872612,80.42
1.1161494255065918,0.8467490778425961,15942.294657850647,0.04223870269545454,0.6881412863731384,89.30689239501953,79.67748260498047,61.767578125,110,wide_resnet34_20_dm,184531674,True,trades,5,59.140002727508545,86.99
1.2552237510681152,0.8140246408126799,37798.88627603474,0.1555727251184999,0.5554962158203125,90.74504089355469,87.13188171386719,53.6865234375,400,wide_resnet70_16_dm,266796506,False,trades,10,51.330000162124634,89.46
0.6012563705444336,0.8513366824972859,29057.656168120317,0.07400838880636364,0.4998169541358948,99.57732391357422,98.3633804321289,50.68359375,110,wide_resnet70_16,266796506,False,trades,7,49.149999022483826,85.75
0.9581923484802246,0.8375868620295196,5985.350428262403,0.010280932800125002,0.28478121757507324,93.93228912353516,97.41586303710938,53.857421875,400,wide_resnet34_20,184531674,False,pgd,1,0.0,94.61
0.5043331384658813,0.8321301817358938,20351.033263521786,0.045475778578636376,0.4680810868740082,99.9619369506836,99.8878173828125,56.0302734375,110,wide_resnet70_16,266796506,False,pgd,5,45.730000734329224,87.46000000000001
1.4606297016143799,0.96412788397494,5114.90928944087,0.014377666911312495,0.6884444952011108,87.19998168945312,78.36863708496094,53.0517578125,400,wide_resnet28_10,36479194,False,trades,10,49.09000098705292,88.49000000000001
1.58009934425354,0.8954365188431261,4993.95171188736,0.013543737057906258,0.8084338903427124,77.6618881225586,66.44249725341797,60.3759765625,400,wide_resnet34_10,46160474,True,trades,7,56.72000050544739,86.91
0.9496030807495117,0.778970885477149,8728.44009814622,0.03465143674837503,0.27024662494659424,94.21414947509766,97.80929565429688,61.81640625,400,wide_resnet70_16_dm,266796506,False,pgd,1,0.0,95.11
1.3425499200820923,0.8067607218724447,2507.5606413312,0.01266835785728125,0.589913010597229,89.81970977783203,84.35697174072266,51.66015625,400,wide_resnet34_10_dm,46160474,False,trades,2,50.90000033378601,88.92
1.347335934638977,0.9020517497531073,6485.417528918016,0.01800203393274999,0.6409559845924377,89.3766098022461,82.20240020751953,52.24609375,400,wide_resnet34_10,46160474,False,trades,10,54.079997539520264,88.36
1.24053955078125,0.8393229893611077,9964.910783692798,0.026119874220750003,0.5294827818870544,90.96154022216797,87.61418151855469,50.0,400,wide_resnet34_20_dm,184531674,False,trades,2,47.999998927116394,89.14
1.5514404773712158,0.8946800150371519,3559.895386324986,0.012788213247937495,0.5152780413627625,78.95433044433594,53.84415054321289,60.888671875,400,wide_resnet28_10_dm,36479194,True,pgd,7,57.52999782562256,88.88000000000001
1.0874592065811157,0.7991601830552655,9967.779170192289,0.025906719173181825,0.6598566174507141,89.3349380493164,80.66706848144531,61.8896484375,110,wide_resnet34_20_dm,184531674,True,trades,2,58.469998836517334,86.9
0.9474575519561768,0.8189349326610986,1505.3460357119995,0.0035827409913359344,0.3623916804790497,94.27352142333984,97.43677520751953,54.8583984375,400,wide_resnet34_10,46160474,False,pgd,1,0.0,87.08
1.5037087202072144,0.8195719248484881,34870.82259960298,0.0777853763824999,0.46302902698516846,79.7996826171875,56.684696197509766,62.0361328125,400,wide_resnet70_16,266796506,True,pgd,10,57.910001277923584,89.83
1.1698246002197266,0.9005439311817308,3559.895386324986,0.012748002833031269,0.43081653118133545,93.41345977783203,76.32211303710938,45.361328125,400,wide_resnet28_10_dm,36479194,False,pgd,7,43.45000088214874,89.45
1.1290560960769653,0.8788110631296431,37809.1186772902,0.1367947894054546,0.7243936061859131,88.18821716308594,78.8332290649414,61.1328125,110,wide_resnet70_16,266796506,True,trades,10,58.59000086784363,85.92
1.4861515760421753,0.8109059266314245,7978.42164547584,0.014091871502218752,0.45747339725494385,79.67748260498047,57.27163314819336,59.86328125,400,wide_resnet34_20,184531674,True,pgd,2,53.21999788284302,89.79
0.5049669742584229,0.7666899910289982,8726.92160790528,0.02004941032318181,0.32171884179115295,98.98638153076172,99.85576629638672,70.263671875,110,wide_resnet70_16,266796506,False,pgd,1,0.0,85.31
1.2373384237289429,0.6381427352072154,9968.14549820837,0.019290417611529418,0.5471097826957703,90.76322174072266,86.97315979003906,49.2919921875,400,wide_resnet34_20,184531674,False,trades,2,50.16999840736389,89.28
1.1254286766052246,0.8711344953557622,29081.57521782374,0.11912456035454544,0.6936653256416321,88.60635375976562,79.03729248046875,62.3779296875,110,wide_resnet70_16_dm,266796506,True,trades,7,59.630000591278076,86.49
0.5381189584732056,0.8084855804931849,5990.30748905472,0.010209833240909093,0.42813995480537415,91.32011413574219,98.53165435791016,67.2607421875,110,wide_resnet34_20,184531674,True,pgd,1,0.0,79.52
1.1141798496246338,0.8577139035601299,23921.5029548125,0.04399449356727272,0.49138855934143066,89.6133804321289,70.57091522216797,61.865234375,110,wide_resnet34_20,184531674,True,pgd,10,58.81999731063843,87.82
0.6065255999565125,0.4557857335543297,1975.0255828992001,0.0073953229982954526,0.5181511640548706,99.6474380493164,98.42147064208984,49.2919921875,110,wide_resnet28_10_dm,36479194,False,trades,2,48.93999993801117,83.85000000000001
1.301885724067688,0.8748123122294124,2504.4476736307197,0.006594732175031251,0.5792502164840698,89.80951690673828,84.3870849609375,49.3408203125,400,wide_resnet34_10,46160474,False,trades,2,45.100000500679016,88.8
1.1385746002197266,0.8904604169765655,2504.4476736307197,0.006585060655578132,0.24776123464107513,86.27980041503906,85.64956665039062,52.4169921875,400,wide_resnet34_10,46160474,True,trades,2,4.78999987244606,96.14
0.5024046897888184,0.9538954052995544,23913.16929505466,0.059756250349545466,0.4413454830646515,99.9959945678711,99.96794891357422,52.7099609375,110,wide_resnet34_20_dm,184531674,False,pgd,10,47.79999852180481,88.24
1.1501027345657349,0.640495374931038,4493.713775198207,0.011346705794545447,0.5169633030891418,88.73831939697266,68.8808822631836,59.8388671875,110,wide_resnet34_10,46160474,True,pgd,7,56.69999718666077,86.89
1.512305498123169,0.8549524856933429,34902.23000144315,0.12513307654574995,0.48377981781959534,79.4654312133789,56.3060188293457,63.37890625,400,wide_resnet70_16_dm,266796506,True,pgd,10,59.10999774932861,89.4
1.3240017890930176,0.8250518922317011,1980.1933140787203,0.007601959690890627,0.6211869120597839,88.34334564208984,82.38581848144531,51.5380859375,400,wide_resnet28_10_dm,36479194,False,trades,2,50.770002603530884,88.52
1.5295219421386719,0.7949565177505407,2008.7303720140792,0.00958522017653125,0.48685163259506226,79.39503479003906,56.45232391357422,60.64453125,400,wide_resnet34_10_dm,46160474,True,pgd,2,55.14000058174133,89.1
0.601871907711029,0.3098077378836358,1572.26199023616,0.004014985447130684,0.23259499669075012,96.1662368774414,95.85615539550781,35.4736328125,110,wide_resnet28_10,36479194,True,trades,1,0.0,93.61
1.5034974813461304,0.8030838535052883,20362.40912410213,0.07486195519400002,0.4786190092563629,79.27136993408203,56.65012741088867,62.5244140625,400,wide_resnet70_16_dm,266796506,True,pgd,5,59.02000069618225,89.53999999999999
0.6671752333641052,0.5954298361678374,3930.6549755903993,0.01082463661965909,0.5317388772964478,99.57514190673828,97.24347686767578,48.388671875,110,wide_resnet28_10,36479194,False,trades,7,48.46999943256378,83.08
1.530283808708191,0.9003676309638082,1587.591810514944,0.005762089946328126,0.49519601464271545,78.89423370361328,54.89984130859375,59.716796875,400,wide_resnet28_10_dm,36479194,True,pgd,2,55.47000169754028,89.2
0.5022279620170593,0.9162998587834619,13955.629866293066,0.03464122403863636,0.43629544973373413,99.99799346923828,99.98197174072266,52.4658203125,110,wide_resnet34_20_dm,184531674,False,pgd,5,47.4700003862381,88.44999999999999
0.5031307935714722,0.7824686483775732,13960.081293758843,0.0252123664840909,0.4772728681564331,99.97396087646484,99.93589782714844,50.927734375,110,wide_resnet34_20,184531674,False,pgd,5,45.75999975204468,87.26
1.1115845441818237,0.8330654787238553,20365.659488452602,0.0740645203172727,0.481330543756485,88.99848175048828,70.03440856933594,62.5244140625,110,wide_resnet70_16_dm,266796506,True,pgd,5,59.89999771118164,87.83999999999999
1.067095160484314,0.8410817251069993,2008.0323035136003,0.0102189995009375,0.20178939402103424,89.23677825927734,88.96033477783203,13.7939453125,400,wide_resnet34_10_dm,46160474,True,trades,1,0.0,97.26
1.059576392173767,0.8377752690154016,7972.897979105279,0.020695536029499997,0.19447851181030273,90.08814239501953,89.91986846923828,12.8662109375,400,wide_resnet34_20_dm,184531674,True,trades,1,0.0,97.39
1.283100962638855,0.8034966030384387,23245.83775721226,0.05793455298800003,0.5610626935958862,91.30208587646484,86.7528076171875,52.2705078125,400,wide_resnet70_16,266796506,False,trades,5,49.61000084877014,89.37
0.6733801364898682,0.756958761649957,5109.8514682675195,0.014291716693750003,0.5319210290908813,99.54293060302734,97.07635498046875,48.779296875,110,wide_resnet28_10,36479194,False,trades,10,48.08000028133392,83.02000000000001
1.1452120542526245,0.8422102296814516,4741.791234785279,0.016906235527727274,0.5053341388702393,89.02644348144531,69.32691955566406,60.3515625,110,wide_resnet28_10_dm,36479194,True,pgd,10,57.73000121116638,87.41
1.140468955039978,0.7794151637481865,6503.226963081773,0.032444523214545454,0.7240061163902283,88.6278076171875,78.58173370361328,60.8642578125,110,wide_resnet34_10_dm,46160474,True,trades,10,57.70000219345093,85.17
0.5197674632072449,0.6835627566084941,4718.50693558272,0.012346249577954539,0.4496943950653076,99.95771789550781,99.33553314208984,46.630859375,110,wide_resnet28_10,36479194,False,pgd,10,46.219998598098755,83.12
1.152329921722412,0.7704852688821002,3950.0511657984002,0.015438788677045453,0.7290987372398376,88.21714782714844,78.29927825927734,60.25390625,110,wide_resnet28_10_dm,36479194,True,trades,7,57.63000249862671,85.61
1.137373447418213,0.7817593083538862,5006.5468637183985,0.025073474124318183,0.72111976146698,88.40144348144531,78.74398803710938,60.8642578125,110,wide_resnet34_10_dm,46160474,True,trades,7,58.27999711036682,85.92
1.0973052978515625,0.8382825659894133,11641.32081944495,0.0438628733190909,0.47370052337646484,89.22454833984375,71.70694732666016,61.9384765625,110,wide_resnet70_16_dm,266796506,True,pgd,2,58.6899995803833,88.03999999999999
1.5692472457885742,0.8879807550088745,25895.214014791665,0.06953022123725,0.7536044120788574,77.94671630859375,66.83293151855469,63.720703125,400,wide_resnet34_20_dm,184531674,True,trades,10,60.019999742507935,88.35
1.037026047706604,0.8442428340704003,34902.25270240052,0.12501525013924983,0.4063801169395447,95.88268280029297,85.79145050048828,44.970703125,400,wide_resnet70_16_dm,266796506,False,pgd,10,40.81000089645386,89.62
1.599066972732544,0.8434339853046331,6503.214910832641,0.032689550807625034,0.799949049949646,76.7528076171875,65.3505630493164,62.158203125,400,wide_resnet34_10_dm,46160474,True,trades,10,58.52000117301941,87.55
0.5073971748352051,0.9128477210311765,4514.4959218036365,0.01995171831272728,0.4709911346435547,99.98397064208984,99.78765869140625,49.658203125,110,wide_resnet34_10_dm,46160474,False,pgd,7,45.170000195503235,87.19
0.9629433751106262,0.7505757469435682,1507.1889722572796,0.007219939151421875,0.2679445147514343,93.4034423828125,97.27764129638672,43.9208984375,400,wide_resnet34_10_dm,46160474,False,pgd,1,0.0,91.74
0.943575918674469,0.7950698915742659,11635.560746330351,0.04866261279950001,0.2552495300769806,97.4291763305664,97.317138671875,19.4091796875,400,wide_resnet70_16_dm,266796506,False,trades,1,0.0,97.11
1.5610592365264893,0.868167969423967,3546.951664258252,0.00939926047184375,0.5340921878814697,78.54381561279297,53.48139572143555,60.15625,400,wide_resnet28_10,36479194,True,pgd,7,55.720001459121704,88.3
1.299164891242981,0.8339476074846511,19930.028978995197,0.03842058389499999,0.5774760842323303,91.23798370361328,86.6025619506836,50.4638671875,400,wide_resnet34_20,184531674,False,trades,7,48.05999994277954,88.53999999999999
0.9485366940498352,0.8108675798872602,7977.448766177279,0.01454519775274999,0.22953195869922638,97.62820434570312,97.55809020996094,30.5419921875,400,wide_resnet34_20,184531674,False,trades,1,0.0,96.71
0.9755377173423767,0.802524789150289,14532.890131169272,0.03640342020262501,0.2507772147655487,96.89703369140625,96.73076629638672,45.7763671875,400,wide_resnet70_16,266796506,False,trades,2,1.7100000753998756,95.34
0.5030314922332764,0.8435220918783827,20365.659488452602,0.07387356324090909,0.47236520051956177,99.99199676513672,99.94998168945312,58.349609375,110,wide_resnet70_16_dm,266796506,False,pgd,5,47.40999937057495,87.89
1.1483561992645264,0.5282988613979231,3495.0152404992,0.008613586091931818,0.5172630548477173,88.91551208496094,68.88893127441406,59.5703125,110,wide_resnet34_10,46160474,True,pgd,5,56.529998779296875,86.99
1.122166395187378,0.3582957322755854,1965.3274877951997,0.005125039271534091,0.7076172828674316,88.3617935180664,79.85462188720703,58.984375,110,wide_resnet28_10,36479194,True,trades,2,55.47000169754028,85.53
1.206260323524475,0.8169759548320228,1581.7826486452227,0.004002838611195312,0.44051307439804077,93.41172790527344,78.17936706542969,41.3818359375,400,wide_resnet28_10,36479194,False,pgd,2,50.360000133514404,89.75
1.1260333061218262,0.8463637629647254,25907.01067468801,0.049881456180454545,0.7104024887084961,88.9403076171875,79.31089782714844,60.8154296875,110,wide_resnet34_20,184531674,True,trades,10,58.389997482299805,86.29
0.6029208302497864,0.5899823042945426,2006.39739396096,0.009880949687500001,0.2208920270204544,96.28004455566406,96.00160217285156,11.328125,110,wide_resnet34_10_dm,46160474,True,trades,1,0.8999999612569809,78.97
0.6379864811897278,0.3596408426837763,1965.3274877951997,0.005154976896079545,0.5057075619697571,99.55097961425781,97.93412017822266,47.7294921875,110,wide_resnet28_10,36479194,False,trades,2,47.58999943733215,84.11999999999999
0.5038458704948425,0.8664306394478477,23921.5029548125,0.04376827756999999,0.47625669836997986,99.98798370361328,99.90985870361328,51.2939453125,110,wide_resnet34_20,184531674,False,pgd,10,45.80000042915344,87.5
1.1208127737045288,0.8450866837827253,2009.0599302758396,0.009413785631562503,0.422661691904068,93.76802825927734,80.1963119506836,44.287109375,400,wide_resnet34_10_dm,46160474,False,pgd,2,39.80000019073486,89.53999999999999
1.5705231428146362,0.8569687971063733,19921.893919948794,0.053324355093374985,0.7490517497062683,77.70632934570312,66.71273803710938,63.4033203125,400,wide_resnet34_20_dm,184531674,True,trades,7,60.14000177383423,88.56
1.2587547302246094,0.870088329829871,15939.698593628162,0.04248149564875001,0.5526710152626038,91.39022064208984,87.8866195678711,52.3193359375,400,wide_resnet34_20_dm,184531674,False,trades,5,50.929999351501465,89.25999999999999
1.574774146080017,0.8481058710666894,15947.033220218878,0.030490577774312487,0.7831557989120483,78.03485870361328,67.34375,61.767578125,400,wide_resnet34_20,184531674,True,trades,5,57.8499972820282,88.1
1.1048247814178467,0.9398069859514471,23913.16929505466,0.05972196801227273,0.478725403547287,89.7275619506836,70.95953369140625,62.20703125,110,wide_resnet34_20_dm,184531674,True,pgd,10,59.609997272491455,88.29
1.5921183824539185,0.8979398232284476,5130.265914408959,0.020176740338562496,0.8083575963973999,76.5625,65.01402282714844,61.9384765625,400,wide_resnet28_10_dm,36479194,True,trades,10,57.96999931335449,87.26
1.6062157154083252,0.8397973107384463,5005.761881702399,0.025261720994812498,0.7992509007453918,76.98316955566406,65.37059020996094,61.9140625,400,wide_resnet34_10_dm,46160474,True,trades,7,58.319997787475586,87.42
1.0881987810134888,0.7735949957732271,7976.415688368874,0.01963123274659091,0.4666452407836914,89.70753479003906,71.8309326171875,61.767578125,110,wide_resnet34_20_dm,184531674,True,pgd,2,58.75999927520752,88.27000000000001
1.5360686779022217,0.8383852745816652,2770.1110286254075,0.009934672803062502,0.5100817680358887,78.85216522216797,53.984375,60.9130859375,400,wide_resnet28_10_dm,36479194,True,pgd,5,57.429999113082886,88.74
1.040541172027588,0.8538825303442478,23917.925632573446,0.04451277571287497,0.4447868764400482,96.14783477783203,85.79126739501953,39.6484375,400,wide_resnet34_20,184531674,False,pgd,10,33.570000529289246,88.37
1.1135860681533813,0.8156808877160433,20351.033263521786,0.04541291809909091,0.4784398376941681,89.00240325927734,70.67908477783203,61.4990234375,110,wide_resnet70_16,266796506,True,pgd,5,59.32999849319458,87.87
1.1347936391830444,0.31319941906665927,1572.6061832110083,0.003834861840511365,0.5065594911575317,88.91349792480469,69.61380767822266,58.7646484375,110,wide_resnet28_10,36479194,True,pgd,2,55.709999799728394,86.91
0.5646749138832092,0.8459218766833129,15942.294657850647,0.04222097868636363,0.49776071310043335,99.67748260498047,99.0965576171875,50.1708984375,110,wide_resnet34_20_dm,184531674,False,trades,5,49.34000074863434,86.36
0.9516087174415588,0.8689921440320711,1586.687633915904,0.006045805271843752,0.21978192031383514,96.5284423828125,96.3661880493164,21.240234375,400,wide_resnet28_10_dm,36479194,False,trades,1,0.0,96.91
0.5030958652496338,0.8493032363530799,7984.549262667404,0.01409841940397727,0.4342784285545349,99.98798370361328,99.94190979003906,51.318359375,110,wide_resnet34_20,184531674,False,pgd,2,44.99000012874603,87.8
0.5022707581520081,0.26834859946338807,1179.3685891645441,0.002793724653607955,0.3405652642250061,99.22882080078125,99.97785186767578,72.6318359375,110,wide_resnet28_10,36479194,False,pgd,1,0.0,83.42
1.1441473960876465,0.6717497350980095,3556.2569342975985,0.01259487535261364,0.5045239925384521,89.03845977783203,69.38301086425781,60.3759765625,110,wide_resnet28_10_dm,36479194,True,pgd,7,57.78999924659729,87.76
1.072794795036316,0.8191661086518834,14537.596266086399,0.03562860528727273,0.6550472974777222,89.296875,81.34815979003906,61.2548828125,110,wide_resnet70_16,266796506,True,trades,2,57.73000121116638,86.89
0.5015231370925903,0.30879460779852097,1572.26199023616,0.00400750208909091,0.27947986125946045,100.0,100.0,45.0927734375,110,wide_resnet28_10,36479194,False,trades,1,1.140000019222498,84.6
1.1327235698699951,0.9054999198514931,19935.19363611928,0.03837304025863637,0.7061139345169067,89.00240325927734,79.42507934570312,61.3037109375,110,wide_resnet34_20,184531674,True,trades,7,58.61999988555908,86.28
0.6111450791358948,0.8390753441351737,23250.53564780544,0.05737074674318182,0.4980955123901367,99.48918151855469,98.33533477783203,50.244140625,110,wide_resnet70_16,266796506,False,trades,5,48.3599990606308,86.92
1.1198898553848267,0.8886786983817537,25897.310154647745,0.06932847635000003,0.6947101354598999,89.08052825927734,79.55128479003906,61.7431640625,110,wide_resnet34_20_dm,184531674,True,trades,10,59.24000144004822,86.97
1.3591909408569336,0.8492294886640345,5005.761881702399,0.02521421955387501,0.6428914070129395,89.47916412353516,82.87660217285156,53.4423828125,400,wide_resnet34_10_dm,46160474,False,trades,7,51.249998807907104,88.69
1.5309832096099854,0.8282011009029036,4509.385414410249,0.019853211663249992,0.5063106417655945,79.01441955566406,55.0200309753418,61.5478515625,400,wide_resnet34_10_dm,46160474,True,pgd,7,57.819998264312744,88.99000000000001
1.1260650157928467,0.8536961332702057,23250.53564780544,0.05737386864363636,0.6978145837783813,88.6278076171875,79.24879455566406,61.0595703125,110,wide_resnet70_16,266796506,True,trades,5,58.45000147819519,86.42999999999999
1.0265326499938965,0.7932914941620272,1187.730830721024,0.0029663494632421834,0.4961409568786621,79.39755249023438,95.19168853759766,75.7080078125,400,wide_resnet28_10,36479194,True,pgd,1,0.0,84.73
1.044711709022522,0.8362948240194332,7973.94600198144,0.01973112026893751,0.33829042315483093,78.84014129638672,94.0244369506836,53.369140625,400,wide_resnet34_20_dm,184531674,True,pgd,2,0.0,92.15
1.1617989540100098,0.7526671547309838,5109.8514682675195,0.014190923574204546,0.7457367777824402,87.95706939697266,78.2518539428711,59.47265625,110,wide_resnet28_10,36479194,True,trades,10,56.00000023841858,85.16
1.292320728302002,0.2523190806132691,29072.6160383695,0.09438962678854419,0.5657777190208435,90.41893768310547,85.17926025390625,52.5634765625,400,wide_resnet70_16,266796506,False,trades,7,51.899999380111694,84.17999999999999
1.0678361654281616,0.9136099970675642,2006.183754596352,0.005165004820890619,0.2070881724357605,89.22559356689453,88.9779281616211,27.0751953125,400,wide_resnet34_10,46160474,True,trades,1,0.419999985024333,93.17999999999999
1.2158669233322144,0.9107232469001565,4724.9673278717955,0.012358764843687498,0.4443036913871765,92.66470336914062,75.28793334960938,43.9453125,400,wide_resnet28_10,36479194,False,pgd,10,50.16999840736389,89.66
0.5029131770133972,0.8437167032171464,11641.355214834899,0.04372834055636363,0.4808194637298584,99.99199676513672,99.95198822021484,58.6181640625,110,wide_resnet70_16_dm,266796506,False,pgd,2,46.48999869823456,87.72
1.1538903713226318,0.7290377884393735,4991.344518758399,0.013368495627272728,0.7356538772583008,88.09600830078125,78.70489501953125,59.3505859375,110,wide_resnet34_10,46160474,True,trades,7,56.34999871253967,85.46000000000001
1.2878261804580688,0.8578838725502955,25904.509198663694,0.05037926880662497,0.609764575958252,91.42828369140625,86.76482391357422,49.5361328125,400,wide_resnet34_20,184531674,False,trades,10,46.29000127315521,88.09
1.2753876447677612,0.8619137318655354,19921.893919948794,0.053240821322875,0.5651454329490662,91.21394348144531,87.47796630859375,52.2705078125,400,wide_resnet34_20_dm,184531674,False,trades,7,50.290000438690186,89.03
1.107198715209961,0.8047411174187811,1581.3393476222973,0.00420231953496094,0.21231010556221008,89.3343276977539,88.97994232177734,19.482421875,400,wide_resnet28_10,36479194,True,trades,1,0.009999999747378752,95.83
1.0505728721618652,0.8264434648956535,26157.01920782745,0.058491715053624986,0.42845213413238525,95.78726196289062,86.34615325927734,42.2119140625,400,wide_resnet70_16,266796506,False,pgd,7,36.82999908924103,89.32
1.0829548835754395,0.9233265013027462,2006.6133855436797,0.00503216075509375,0.446218341588974,94.69837188720703,81.9205093383789,41.2353515625,400,wide_resnet34_10,46160474,False,pgd,2,52.42999792098999,88.53
1.05027437210083,0.8589692281871407,13950.809576570893,0.034869870760875006,0.40960612893104553,95.87339782714844,86.19591522216797,43.310546875,400,wide_resnet34_20_dm,184531674,False,pgd,5,40.83999991416931,89.91
0.5040959715843201,0.8172478668113861,11635.026060902397,0.02641287492022727,0.49127447605133057,99.96394348144531,99.90384674072266,56.8359375,110,wide_resnet70_16,266796506,False,pgd,2,44.85999941825867,87.2
1.4163671731948853,0.9011848207699477,3153.974274608332,0.008730878132781252,0.6698545217514038,86.64424896240234,78.54180145263672,52.099609375,400,wide_resnet28_10,36479194,False,trades,5,50.09999871253967,88.62
1.129286766052246,0.8651396138125076,29058.016857292794,0.07163939519454547,0.7007189989089966,88.6338119506836,79.30488586425781,61.572265625,110,wide_resnet70_16,266796506,True,trades,7,58.85999798774719,86.24000000000001
1.1206200122833252,0.6791527239569161,2507.9967424512006,0.012517129477613641,0.6890465021133423,88.56570434570312,79.9258804321289,60.4736328125,110,wide_resnet34_10_dm,46160474,True,trades,2,57.35999941825867,86.56
0.6033493280410767,0.6789640709453854,2507.9967424512006,0.012559511648977268,0.5063663721084595,99.61538696289062,98.49959564208984,48.6328125,110,wide_resnet34_10_dm,46160474,False,trades,2,49.12000000476837,85.32
1.3947060108184814,0.8837920057347461,3998.459275247616,0.010731496551500009,0.6433728337287903,89.20344543457031,82.2265625,52.05078125,400,wide_resnet34_10,46160474,False,trades,5,54.360002279281616,88.33
1.5493371486663818,0.8153112118617524,1581.7826486452227,0.00402670229055469,0.5033875703811646,79.06129455566406,55.86138916015625,59.619140625,400,wide_resnet28_10,36479194,True,pgd,2,52.32999920845032,88.53999999999999
1.0987731218338013,0.8048972780479237,14532.925555998714,0.036069770279374976,0.20851543545722961,88.59976196289062,88.10897064208984,29.4189453125,400,wide_resnet70_16,266796506,True,trades,2,1.339999958872795,96.99
0.9499571919441223,0.8473973406167888,7972.880803430399,0.020728895245937476,0.22966936230659485,97.55208587646484,97.43589782714844,22.265625,400,wide_resnet34_20_dm,184531674,False,trades,1,0.0,96.86
0.5058647394180298,0.7833335799633008,8731.442299758179,0.03357222253954546,0.3340175747871399,98.9196548461914,99.86795806884766,67.5537109375,110,wide_resnet70_16_dm,266796506,False,pgd,1,0.0,93.10000000000001
0.6640160083770752,0.5091257348778314,3144.52398047232,0.00861348303284091,0.525571882724762,99.52078247070312,97.28173065185547,49.0234375,110,wide_resnet28_10,36479194,False,trades,5,48.420000076293945,83.57
0.503409206867218,0.8419639638964699,34903.92173869793,0.12397516631545456,0.48048749566078186,99.98999786376953,99.92597961425781,59.3505859375,110,wide_resnet70_16_dm,266796506,False,pgd,10,47.79999852180481,87.74
1.5566827058792114,0.8275043862681154,29054.491550023668,0.07206633722325002,0.7442446351051331,78.49959564208984,67.67227935791016,62.9638671875,400,wide_resnet70_16,266796506,True,trades,7,58.9900016784668,88.38000000000001
0.5071732997894287,0.8008355709841044,3512.275053281279,0.01563229464352273,0.4540979862213135,99.98998260498047,99.79566955566406,49.3408203125,110,wide_resnet34_10_dm,46160474,False,pgd,5,47.839999198913574,84.23
0.604274332523346,0.3526708799991828,1996.5378075033598,0.004938247348977275,0.22807635366916656,96.11791229248047,95.7715835571289,17.919921875,110,wide_resnet34_10,46160474,True,trades,1,1.3299999758601189,81.11
1.6151680946350098,0.8834988879444609,3153.974274608332,0.0087418375485,0.8180519938468933,75.13490295410156,64.27794647216797,59.86328125,400,wide_resnet28_10,36479194,True,trades,5,55.980002880096436,86.49
1.548459768295288,0.9003310489532914,4499.532501614592,0.01136858619809374,0.5190414786338806,78.16526794433594,53.9102783203125,60.1806640625,400,wide_resnet34_10,46160474,True,pgd,7,55.640000104904175,88.66000000000001
1.113168716430664,0.4244229004911845,2495.6722593791997,0.006361676274943181,0.6985846757888794,88.45441436767578,79.94322204589844,59.375,110,wide_resnet34_10,46160474,True,trades,2,55.709999799728394,85.58
1.1575589179992676,0.6042613842192913,3930.6549755903993,0.01081398038147727,0.7462461590766907,87.94096374511719,78.49750518798828,59.375,110,wide_resnet28_10,36479194,True,trades,7,55.980002880096436,85.00999999999999
0.5017691254615784,0.851768662344595,7983.688025255564,0.014525577072159093,0.28416118025779724,99.99198913574219,99.99198913574219,55.0537109375,110,wide_resnet34_20,184531674,False,trades,1,0.9399999864399433,94.74000000000001
1.1310443878173828,0.8678440346812599,1975.4198482943996,0.005363364398906246,0.23121672868728638,87.36509704589844,86.726806640625,39.5263671875,400,wide_resnet28_10,36479194,True,trades,2,20.340000092983246,91.99000000000001
1.0379137992858887,0.8000906922260792,20362.352844645324,0.07475674564050004,0.4136790335178375,95.85267639160156,86.23359680175781,42.7001953125,400,wide_resnet70_16_dm,266796506,False,pgd,5,38.71999979019165,90.08
0.5152313113212585,0.643719743656639,4493.713775198207,0.011221416031818181,0.4748626947402954,99.95167541503906,99.42413330078125,48.0224609375,110,wide_resnet34_10,46160474,False,pgd,7,46.34999930858612,83.44
1.5931541919708252,0.8366144987735873,4006.9185601536005,0.020257645058187505,0.7869970202445984,77.16746520996094,66.08173370361328,61.8896484375,400,wide_resnet34_10_dm,46160474,True,trades,5,57.59999752044678,86.81
1.5383762121200562,0.8343557026645253,17941.859154984926,0.032817501523312476,0.4791180193424225,79.35095977783203,55.33654022216797,61.6455078125,400,wide_resnet34_20,184531674,True,pgd,7,57.580000162124634,89.57000000000001
1.5576077699661255,0.8625469382499829,4739.840936902656,0.0169331761975,0.5181450247764587,78.02484130859375,52.612178802490234,61.0107421875,400,wide_resnet28_10_dm,36479194,True,pgd,10,57.69000053405762,88.79
0.5931576490402222,0.8311478501907148,11638.869410866793,0.04782812724954546,0.22391313314437866,96.1287612915039,95.90869140625,11.1328125,110,wide_resnet70_16_dm,266796506,True,trades,1,0.0,95.55
1.6110625267028809,0.9155942356861054,3163.934658134016,0.012403217622781262,0.7983138561248779,76.71875,65.61698913574219,61.572265625,400,wide_resnet28_10_dm,36479194,True,trades,5,57.52999782562256,87.33
0.5876352787017822,0.8334218635897225,25906.744256549246,0.05017355318636364,0.5073170065879822,99.6133804321289,98.7059326171875,50.68359375,110,wide_resnet34_20,184531674,False,trades,10,49.09000098705292,86.08
1.1188580989837646,0.887870544464886,19924.784507959856,0.054653320579090905,0.6932781338691711,89.24679565429688,79.62540435791016,62.158203125,110,wide_resnet34_20_dm,184531674,True,trades,7,59.32999849319458,86.98
1.001632571220398,0.8371022634535499,1505.2631341793278,0.0036189168713046875,0.5422531366348267,82.55477142333984,96.11992645263672,68.9208984375,400,wide_resnet34_10,46160474,True,pgd,1,0.0,83.24000000000001
